Timestamp,S.No.,First Name,Last Name,Email address,Which of the following words appeals the most to you?,Domain 1,Domain 2,Domain 3,Project Preference 1,Project Preference 2,Project Preference 3,Project Preference 4,Project Preference 5,Do you have prior work experience of more than 1 year?,What is your broad area of academic qualification?,"Rank the following roles in order of what you are most likely to assume within a team [Idea-oriented (strategist, ideator, researcher)]","Rank the following roles in order of what you are most likely to assume within a team [Action-oriented (implementor, organiser, executor)]","Rank the following roles in order of what you are most likely to assume within a team [People-oriented (relationship-builder, team-worker, coordinator)]",Preferred Team Member (Paired),"Preferred Team Member

(only a few Fellows selected - there will be Fellows appearing more than once)","Preferred Team Member

(all Fellows selected only once)"
166,1,Aadil,Raza,Aadil.Raza@elmsampledata.com,,Black,Cakes,Green,Trees,Outer Space,Moss and Lichen,Greenhouse,Cakes and a Bottle,No,Visual / Performing / Fine Arts,2,1,3,Kartikeya,,
167,2,Aadya,Sachdeva,Aadya.Sachdeva@elmsampledata.com,,Yellow,Purple,Red,Purple LED,Love,Anger,Shades of Purple,Sunshine,Yes,Engineering,2,1,3,Aakanksha,,
176,3,Aakanksha,Jain,Aakanksha.Jain@elmsampledata.com,,Yellow,Purple,Red,Purple LED,Love,Anger,Shades of Purple,Sunshine,No,Humanities / Social Sciences,1,3,2,Aadya,,
117,4,Aayush,Celly,Aayush.Celly@elmsampledata.com,,Yellow,Purple,Red,Love,Shades of Purple,Purple LED,Anger,Bananas,No,Humanities / Social Sciences,1,3,2,Aisshwarya,,
177,5,Abheepsita,Purkayastha,Abheepsita.Purkayastha@elmsampledata.com,,Yellow,Purple,Red,Love,Anger,Purple LED,Sunshine,Shades of Purple,No,Visual / Performing / Fine Arts,3,2,1,Ankita,,
122,6,Abhishek,Vaidyanath,Abhishek.Vaidyanath@elmsampledata.com,,Puppies,Red,Yellow,Two Hundred Puppies,Our Corona Puppies,Anger,Heart,Sunshine,No,Mass Communication,2,1,3,Maathangi,,
132,7,Aisshwarya,Tiwari,Aisshwarya.Tiwari@elmsampledata.com,,Yellow,Purple,Red,Love,Shades of Purple,Purple LED,Bananas,Anger,No,Mass Communication,1,3,2,Aayush,,
7/24/2020 14:17:40,8,Alex,Behrman,Alex.Behrman@elmsampledata.com,"Cakes, Bottles, Dance",Cakes,Bottles,Dance,The Dancing Mind,Dancing at the Disco,Flight of the Cakes,Between the Cakes and Me,Cakes and a Bottle,No,Mass Communication,3,1,2,Alfredo,Junior,Beta
7/24/2020 13:49:44,9,Alfredo,Choat,Alfredo.Choat@elmsampledata.com,"Puppies, Neon, Dance",Puppies,Neon,Dance,The Dancing Mind,Dancing at the Disco,Two Hundred Puppies,King Neon,Our Corona Puppies,No,Engineering,3,2,1,Alex,Lucretia,Jesusita
7/24/2020 15:27:55,10,Alpha,Maxin,Alpha.Maxin@elmsampledata.com,"Neon, Exotic, Corona",Neon,Exotic,Corona,Our Corona Puppies,Two Hundred Puppies,Exotic Dream and a Pinch of Bottle,A Box of Cakes with Neon Bottle,This Love is Exotic But It's Unique,Yes,Chartered Accountancy,2,1,3,Dario,Marcus,Viviana
97,11,Aman,Sahay,Aman.Sahay@elmsampledata.com,,Red,Blue,Magenta,King Magenta,Love,Passion,Waves,Anger,No,Engineering,3,2,1,,,
102,12,Amol,Keshav,Amol.Keshav@elmsampledata.com,,Blue,Red,Magenta,King Magenta,Love,Passion,Anger,Indigo,No,Medicine,1,2,3,,,
188,13,Amresh,Kumar,Amresh.Kumar@elmsampledata.com,,Magenta,Blue,Red,Love,King Magenta,Passion,Anger,Water,No,Engineering,3,2,1,,,
57,14,Anagha,Seetharama,Anagha.Seetharama@elmsampledata.com,,Neon,Dance,Exotic,King Neon,The Dancing Mind,Dancing at the Disco,A Box of Cakes with Neon Bottle,E.X.O.T.I.C.,Yes,Mass Communication,2,1,3,Ramdev,,
161,15,Anahita,Sahu,Anahita.Sahu@elmsampledata.com,,Red,Magenta,Blue,Passion,King Magenta,Anger,Water,Heart,No,Law,1,2,3,,,
82,16,Anamika,Muraleedharan,Anamika.Muraleedharan@elmsampledata.com,,Puppies,Cakes,Corona,Our Corona Puppies,Two Hundred Odd Puppies,Cakes and a Bottle,Between the Cakes and Me,The Love of Cakes,Yes,Pure / Natural Sciences,3,1,2,Bhargavi,,
62,17,Aneeqa,Khalid,Aneeqa.Khalid@elmsampledata.com,,Puppies,Cakes,Bottles,Two Hundred Puppies,Two Hundred Odd Puppies,Our Corona Puppies,Our Exotic Bottle Love,Bring Me the Cakes,No,Law,1,2,3,Sai,,
127,18,Angelin,Joy,Angelin.Joy@elmsampledata.com,,Red,Blue,Magenta,Passion,Love,King Magenta,Water,Indigo,No,Humanities / Social Sciences,1,3,2,,,
112,19,Anjana,P,Anjana.P@elmsampledata.com,,Puppies,Red,Yellow,Two Hundred Puppies,Our Corona Puppies,Love,Sunshine,Heart,Yes,Visual / Performing / Fine Arts,2,3,1,Khalid,,
183,20,Ankita,Dahiya,Ankita.Dahiya@elmsampledata.com,,Yellow,Purple,Red,Love,Anger,Purple LED,Shades of Purple,Sunshine,Yes,Humanities / Social Sciences,3,1,2,Abheepsita,,
162,21,Anoushka,Mandal,Anoushka.Mandal@elmsampledata.com,,Red,Blue,Magenta,Love,Passion,King Magenta,Heart,Indigo,Yes,Engineering,1,2,3,,,
174,22,Anshuman,Singh,Anshuman.Singh@elmsampledata.com,,Red,Blue,Magenta,King Magenta,Passion,Love,Indigo,Water,No,Humanities / Social Sciences,1,3,2,,,
178,23,Anushri,Rastogi,Anushri.Rastogi@elmsampledata.com,,Red,Blue,Magenta,King Magenta,Passion,Indigo,Anger,Love,Yes,Engineering,1,2,3,,,
72,24,Arjun,Bhatia,Arjun.Bhatia@elmsampledata.com,,Puppies,Cakes,Bottles,Two Hundred Puppies,Two Hundred Odd Puppies,Our Corona Puppies,Two Hundred Dancing Iced Puppies,A Box of Cakes with Neon Bottle,Yes,Medicine,1,2,3,Saumya,,
93,25,Arthy,Ramu,Arthy.Ramu@elmsampledata.com,,Cakes,Neon,Corona,A Box of Cakes with Neon Bottle,Bottle Fighters,Two Hundred Puppies,The Dancing Mind,Bottle Tribute,Yes,Chartered Accountancy,2,1,3,Siddhant,,
141,26,Arunima,Singh,Arunima.Singh@elmsampledata.com,,Puppies,Black,White,Two Hundred Puppies,Outer Space,Snow,Our Corona Puppies,Glaciers,Yes,Chartered Accountancy,2,1,3,Mahrukh,,
151,27,Arushi,Choudhary,Arushi.Choudhary@elmsampledata.com,,Red,Blue,Magenta,Love,King Magenta,Anger,Waves,Heart,Yes,Humanities / Social Sciences,2,3,1,,,
87,28,Ashwarya,Shukla,Ashwarya.Shukla@elmsampledata.com,,Cakes,Puppies,Red,Two Hundred Puppies,Two Hundred Odd Puppies,Our Corona Puppies,Cakes and a Bottle,Love,Yes,Engineering,2,3,1,Veeravalli,,
73,29,Ashwin,Sreekumar,Ashwin.Sreekumar@elmsampledata.com,,Puppies,Cakes,Bottles,Two Hundred Puppies,"Bottle, Cakes and Puppies",Our Corona Puppies,B.O.T.T.L.E.,A Box of Cakes with Neon Bottle,Yes,Engineering,2,1,3,Muskan,,
92,30,Avnie,Garg,Avnie.Garg@elmsampledata.com,,Dance,Exotic,Corona,Exotic Dream and a Pinch of Bottle,Dancing at the Disco,Our Corona Puppies,The Kind of Songs Flight of the Cakes might record,E.X.O.T.I.C.,No,Engineering,1,2,3,Zakir,,
74,31,Avnika,Gupta,Avnika.Gupta@elmsampledata.com,,Puppies,Cakes,Bottles,Two Hundred Puppies,Two Hundred Odd Puppies,Our Corona Puppies,Bring Me the Cakes,Cakes and a Bottle,No,Engineering,2,1,3,Leah,,
94,32,Ayush,Gandhi,Ayush.Gandhi@elmsampledata.com,,Cakes,Bottles,Neon,Cakes and a Bottle,Exotic Dream and a Pinch of Bottle,Between the Cakes and Me,B.O.T.T.L.E.,Bring Me the Cakes,No,Visual / Performing / Fine Arts,1,2,3,Sri,,
168,33,Babra,Sharief,Babra.Sharief@elmsampledata.com,,Exotic,Bottles,Blue,Exotic Dream and a Pinch of Bottle,E.X.O.T.I.C.,Ink,Bottleback,Summer Sky,No,Humanities / Social Sciences,2,1,3,,,
77,34,Bazila,Aijaz,Bazila.Aijaz@elmsampledata.com,,Puppies,Bottles,Dance,B.O.T.T.L.E.,Megabottle,Dancing at the Disco,Bottle Tribute,The Dancing Mind,No,Pure / Natural Sciences,1,2,3,Medha,,
7/24/2020 15:28:49,35,Beta,Kolb,Beta.Kolb@elmsampledata.com,"Puppies, Cakes, Dance",Puppies,Cakes,Dance,Bring Me the Cakes,Cakes Two Hundred,Flight of the Cakes,The Love of Cakes,The Dancing Mind,No,Visual / Performing / Fine Arts,3,2,1,Kristi,Alpha,Gamma
169,36,Bharat,Chaturvedi,Bharat.Chaturvedi@elmsampledata.com,,Exotic,Bottles,Blue,Bottlehead,E.X.O.T.I.C.,Bottleback,Summer Sky,Waves,Yes,Engineering,2,1,3,,,
142,37,Bhargavi,Thakur,Bhargavi.Thakur@elmsampledata.com,,Puppies,Black,White,Two Hundred Puppies,Snow,Outer Space,Glaciers,Our Corona Puppies,Yes,Visual / Performing / Fine Arts,3,1,2,Anamika,,
128,38,Bhaskar,Choudhary,Bhaskar.Choudhary@elmsampledata.com,,Blue,Exotic,Magenta,Indigo,Waves,Exotic Dream and a Pinch of Bottle,E.X.O.T.I.C.,King Magenta,Yes,Medicine,3,1,2,,,
133,39,Bhumika,Krishnani,Bhumika.Krishnani@elmsampledata.com,,Blue,Exotic,Magenta,Indigo,Exotic Dream and a Pinch of Bottle,Waves,If I was your Exotic Bottle,King Magenta,Yes,Visual / Performing / Fine Arts,3,1,2,,,
7/25/2020 2:07:40,40,Brandon,Kil,Brandon.Kil@elmsampledata.com,"Puppies, Bottles, Dance",Puppies,Bottles,Dance,B.O.T.T.L.E.,Megabottle,Dancing at the Disco,Bottle Tribute,The Dancing Mind,No,Pure / Natural Sciences,3,2,1,Seka,,
7/24/2020 15:01:05,41,Cassey,Saunders,Cassey.Saunders@elmsampledata.com,"Puppies, Bottles, Exotic",Puppies,Bottles,Exotic,Two Hundred Puppies,"Bottle, Cakes and Puppies",Two Hundred Dancing Iced Puppies,Two Hundred Puppies,Our Corona Puppies,Yes,Humanities / Social Sciences,1,3,2,Marcus,Dara,Tracey
7/24/2020 15:02:56,42,Cathey,Bernardo,Cathey.Bernardo@elmsampledata.com,"Puppies, Bottles, Neon",Puppies,Bottles,Neon,Exotic Dream and a Pinch of Bottle,Two Hundred Puppies,Our Exotic Bottle Love,"Bottle, Cakes and Puppies",Our Corona Puppies,Yes,Humanities / Social Sciences,2,1,3,Landon,Marcus,Ute
170,43,Chandher,Shekar,Chandher.Shekar@elmsampledata.com,,Exotic,Magenta,White,Exotic Dream and a Pinch of Bottle,King Magenta,E.X.O.T.I.C.,Peace,Snow,Yes,Engineering,2,1,3,,,
189,44,Charumitra,Sardana,Charumitra.Sardana@elmsampledata.com,,Blue,Exotic,White,E.X.O.T.I.C.,Exotic Dream and a Pinch of Bottle,Peace,Waves,Indigo,Yes,Engineering,2,1,3,,,
7/24/2020 13:45:55,45,Cherlyn,Cabral,Cherlyn.Cabral@elmsampledata.com,"Bottles, Neon, Corona",Bottles,Neon,Corona,Bottleback,Cakes and a Bottle,Bottle Fighters,Our Corona Puppies,King Neon,No,Chartered Accountancy,2,1,3,Donny,Onita,Jacquie
7/24/2020 14:07:21,46,Dara,Allshouse,Dara.Allshouse@elmsampledata.com,"Puppies, Bottles, Corona",Puppies,Bottles,Corona,Our Corona Puppies,Bottle Tribute,Two Hundred Puppies,B.O.T.T.L.E.,Two Hundreddust,No,Engineering,2,3,1,Ute,Preston,Kayleen
7/24/2020 14:49:54,47,Dario,Werth,Dario.Werth@elmsampledata.com,"Puppies, Neon, Corona",Puppies,Neon,Corona,King Neon,A Box of Cakes with Neon Bottle,The Kind of Songs Flight of the Cakes might record,Flight of the Cakes,Megabottle,No,Humanities / Social Sciences,1,2,3,Alpha,Landon,Ozell
7/24/2020 13:31:10,48,Delisa,Beaubien,Delisa.Beaubien@elmsampledata.com,"Dance, Exotic, Corona",Dance,Exotic,Corona,Exotic Dream and a Pinch of Bottle,Dancing at the Disco,Our Corona Puppies,The Kind of Songs Flight of the Cakes might record,E.X.O.T.I.C.,No,Visual / Performing / Fine Arts,3,1,2,Marleen,Dario,Wendell
67,49,Depali,Nair,Depali.Nair@elmsampledata.com,,Puppies,Cakes,Bottles,Two Hundred Puppies,Two Hundred Odd Puppies,Our Corona Puppies,A Box of Cakes with Neon Bottle,"Bottle, Cakes and Puppies",No,Medicine,1,2,3,Snehi,,
7/24/2020 13:30:19,50,Desmond,Chico,Desmond.Chico@elmsampledata.com,"Bottles, Neon, Corona",Bottles,Neon,Corona,If I was your Exotic Bottle,Bottle Army,Bottle Tribute,Our Corona Puppies,"Bottle, Cakes and Puppies",Yes,Law,1,2,3,Preston,Jacquie,Junior
88,51,Dhruv,Trehan,Dhruv.Trehan@elmsampledata.com,,Black,Puppies,White,Two Hundred Puppies,Outer Space,Snow,The Big Itch,Our Corona Puppies,Yes,Medicine,2,1,3,Royston,,
98,52,DivyaE,Elizabeth,Divya.Elizabeth@elmsampledata.com,,Exotic,Magenta,Blue,Exotic Dream and a Pinch of Bottle,E.X.O.T.I.C.,Water,King Magenta,If I was your Exotic Bottle,Yes,Engineering,2,1,3,,,
68,53,DivyaS,Sihag,Divya.Sihag@elmsampledata.com,,Puppies,Cakes,Bottles,Two Hundred Puppies,Two Hundred Odd Puppies,Our Corona Puppies,A Box of Cakes with Neon Bottle,B.O.T.T.L.E.,Yes,Humanities / Social Sciences,1,2,3,Mitra,,
143,54,DivyaP,Prabha,Divya.Prabha@elmsampledata.com,,Puppies,White,Green,Two Hundred Puppies,Glaciers,The Big Itch,Our Corona Puppies,Trees,Yes,Humanities / Social Sciences,3,2,1,Hari,,
134,55,Divyashree,S,Divyashree.S@elmsampledata.com,,Exotic,Bottles,Blue,Exotic Dream and a Pinch of Bottle,Bottlehead,E.X.O.T.I.C.,Water,If I was your Exotic Bottle,No,Medicine,3,1,2,,,
78,56,Dominic,Sominthang,Dominic.Sominthang@elmsampledata.com,,Puppies,Bottles,Exotic,Two Hundred Puppies,"Bottle, Cakes and Puppies",Two Hundred Dancing Iced Puppies,Two Hundred Puppies,Our Corona Puppies,Yes,Humanities / Social Sciences,1,3,2,Priyanshi,,
7/24/2020 13:53:15,57,Donny,Croney,Donny.Croney@elmsampledata.com,"Cakes, Bottles, Neon",Cakes,Bottles,Neon,Bottlehead,A Box of Cakes with Neon Bottle,Cakes Two Hundred,Exotic Dream and a Pinch of Bottle,King Neon,No,Engineering,2,1,3,Cherlyn,Pattie,Cathey
7/24/2020 16:15:06,58,Gamma,Major,Gamma.Major@elmsampledata.com,"Puppies, Cakes, Dance",Puppies,Cakes,Dance,Two Hundred Odd Puppies,The Love of Cakes,King Neon,Megabottle,Bring Me the Cakes,Yes,Humanities / Social Sciences,2,3,1,Theta,Alpha,Theta
7/24/2020 13:36:29,59,Garland,Lofton,Garland.Lofton@elmsampledata.com,"Neon, Dance, Exotic",Neon,Dance,Exotic,The Dancing Mind,Our Exotic Bottle Love,This Love is Exotic But It's Unique,If I was your Exotic Bottle,Two Hundred Dancing Iced Puppies,Yes,Law,3,1,2,Karyn,Karyn,Yukiko
7/25/2020 2:06:25,60,Gayle,Jopper,Gayle.Jopper@elmsampledata.com,"Cakes, Bottles, Corona",Cakes,Bottles,Corona,Cakes and a Bottle,B.O.T.T.L.E.,Our Corona Puppies,Flight of the Cakes,Bottle Fighters,No,Humanities / Social Sciences,3,1,2,Marvin,,
7/24/2020 13:38:40,61,Gertrude,Filippi,Gertrude.Filippi@elmsampledata.com,"Puppies, Cakes, Dance",Puppies,Cakes,Dance,Between the Cakes and Me,Bring Me the Cakes,The Dancing Mind,The Love of Cakes,The Kind of Songs Flight of the Cakes might record,Yes,Humanities / Social Sciences,2,1,3,Ghislaine,Maegan,Sergio
7/24/2020 13:38:52,62,Ghislaine,Wexler,Ghislaine.Wexler@elmsampledata.com,"Cakes, Neon, Exotic",Cakes,Neon,Exotic,Between the Cakes and Me,The Love of Cakes,The Kind of Songs Flight of the Cakes might record,Our Exotic Bottle Love,A Box of Cakes with Neon Bottle,No,Mass Communication,2,1,3,Gertrude,Mayme,Garland
7/24/2020 13:25:14,63,Gita,Foor,Gita.Foor@elmsampledata.com,"Puppies, Dance, Exotic",Puppies,Dance,Exotic,E.X.O.T.I.C.,Exotic Dream and a Pinch of Bottle,Two Hundred Puppies,Two Hundred Dancing Iced Puppies,Our Corona Puppies,No,Mass Communication,1,2,3,Kayleen,Delisa,Marleen
199,64,Hadiya,Sultanpuri,Hadiya.Sultanpuri@elmsampledata.com,,Exotic,Bottles,Magenta,E.X.O.T.I.C.,Bottlehead,If I was your Exotic Bottle,King Magenta,Bottle Fighters,Yes,Humanities / Social Sciences,3,2,1,,,
144,65,Hari,Haran,Hari.Haran@elmsampledata.com,,Puppies,White,Green,Two Hundred Puppies,Glaciers,Moss and Lichen,Our Corona Puppies,Trees,Yes,Medicine,1,2,3,DivyaP,,
99,66,Harshahn,J,Harshahn.J@elmsampledata.com,,Blue,Exotic,Magenta,Indigo,Exotic Dream and a Pinch of Bottle,Waves,E.X.O.T.I.C.,King Magenta,No,Medicine,2,1,3,,,
7/24/2020 13:49:17,67,Hildred,Truesdell,Hildred.Truesdell@elmsampledata.com,"Puppies, Cakes, Exotic",Puppies,Cakes,Exotic,Flight of the Cakes,Two Hundred Odd Puppies,If I was your Exotic Bottle,E.X.O.T.I.C.,King Neon,Yes,Marketing,3,1,2,Kristie,Kristie,Pattie
179,68,Insha,Bint,Insha.Bint@elmsampledata.com,,Magenta,Exotic,Bottles,King Magenta,Exotic Dream and a Pinch of Bottle,E.X.O.T.I.C.,Waves,Ink,No,Humanities / Social Sciences,2,3,1,,,
180,69,Ipsita,Gupta,Ipsita.Gupta@elmsampledata.com,,Exotic,Bottles,Blue,E.X.O.T.I.C.,Exotic Dream and a Pinch of Bottle,Summer Sky,Water,Waves,Yes,Engineering,2,1,3,,,
7/24/2020 13:34:08,70,Jacquie,Gaffney,Jacquie.Gaffney@elmsampledata.com,"Puppies, Neon, Exotic",Puppies,Neon,Exotic,Two Hundred Puppies,E.X.O.T.I.C.,King Neon,Two Hundred Dancing Iced Puppies,Our Corona Puppies,Yes,Humanities / Social Sciences,2,1,3,Onita,Nicola,Gertrude
163,71,Janhavi,Sharma,Janhavi.Sharma@elmsampledata.com,,Exotic,Bottles,Blue,Bottlehead,Exotic Dream and a Pinch of Bottle,Bottleback,Waves,Ink,No,Humanities / Social Sciences,3,2,1,,,
7/24/2020 13:35:45,72,Jannie,Deibert,Jannie.Deibert@elmsampledata.com,"Puppies, Cakes, Dance",Puppies,Cakes,Dance,Two Hundred Puppies,Bring Me the Cakes,"Bottle, Cakes and Puppies",The Dancing Mind,Flight of the Cakes,Yes,Humanities / Social Sciences,3,2,1,Wendell,Gertrude,Trinity
152,73,Jashkumar,Jain,Jashkumar.Jain@elmsampledata.com,,Cakes,Yellow,Purple,Purple LED,The Love of Cakes,Sunshine,Cakes Two Hundred,Flight of the Cakes,Yes,Medicine,2,1,3,,,
79,74,Jasleen,Kaur,Jasleen.Kaur@elmsampledata.com,,Puppies,Neon,Exotic,E.X.O.T.I.C.,Exotic Dream and a Pinch of Bottle,Two Hundred Puppies,King Neon,Our Corona Puppies,No,Mass Communication,1,2,3,Kiranjit,,
7/24/2020 14:16:15,75,Jesusita,Seals,Jesusita.Seals@elmsampledata.com,"Bottles, Exotic, Corona",Bottles,Exotic,Corona,Exotic Dream and a Pinch of Bottle,E.X.O.T.I.C.,Our Exotic Bottle Love,Megabottle,This Love is Exotic But It's Unique,Yes,Engineering,2,3,1,Yuri,Lucretia,Dara
7/24/2020 14:02:15,76,Junior,Schlicher,Junior.Schlicher@elmsampledata.com,"Puppies, Bottles, Dance",Puppies,Bottles,Dance,B.O.T.T.L.E.,Two Hundred Puppies,The Dancing Mind,Bottle Fighters,Our Corona Puppies,No,Medicine,1,3,2,Mayme,Wendell,Karyn
107,77,Kamalakkannan,Srinivasan,Kamalakkannan.Srinivasan@elmsampledata.com,,Puppies,Red,Yellow,Love,Sunshine,Two Hundred Puppies,Bananas,Two Hundred Dancing Iced Puppies,Yes,Medicine,2,1,3,,,
63,78,Kanika,Dixit,Kanika.Dixit@elmsampledata.com,,Puppies,Cakes,Bottles,Two Hundred Puppies,Two Hundred Odd Puppies,Our Corona Puppies,Bring Me the Cakes,B.O.T.T.L.E.,Yes,Visual / Performing / Fine Arts,1,2,3,Ritika,,
89,79,Kartikeya,Pradhan,Kartikeya.Pradhan@elmsampledata.com,,White,Puppies,Green,Two Hundred Puppies,Our Corona Puppies,Trees,Moss and Lichen,Greenhouse,Yes,Chartered Accountancy,2,1,3,Aadil,,
7/24/2020 13:29:33,80,Karyn,Calderwood,Karyn.Calderwood@elmsampledata.com,"Cakes, Neon, Dance",Cakes,Neon,Dance,The Dancing Mind,King Neon,Dancing at the Disco,Cakes and a Bottle,The Love of Cakes,No,Mass Communication,2,1,3,Garland,Dario,Landon
7/24/2020 14:03:11,81,Kathy,Geddes,Kathy.Geddes@elmsampledata.com,"Cakes, Neon, Exotic",Cakes,Neon,Exotic,This Love is Exotic But It's Unique,Cakes Two Hundred,King Neon,Cakes and a Bottle,Bring Me the Cakes,Yes,Law,2,3,1,Yukiko,Yuri,Dario
118,82,Kaushal,Milind,Kaushal.Milind@elmsampledata.com,,Blue,Exotic,Bottles,Waves,Exotic Dream and a Pinch of Bottle,Bottle Fighters,E.X.O.T.I.C.,Indigo,Yes,Visual / Performing / Fine Arts,2,1,3,,,
7/24/2020 13:28:40,83,Kayleen,Feinberg,Kayleen.Feinberg@elmsampledata.com,"Puppies, Bottles, Exotic",Puppies,Bottles,Exotic,E.X.O.T.I.C.,Bottlehead,Exotic Dream and a Pinch of Bottle,B.O.T.T.L.E.,A Box of Cakes with Neon Bottle,No,Humanities / Social Sciences,1,3,2,Gita,Ute,Cassey
7/24/2020 13:35:36,84,Kevin,Rehkop,Kevin.Rehkop@elmsampledata.com,"Cakes, Dance, Corona",Cakes,Dance,Corona,Bring Me the Cakes,Our Corona Puppies,"Bottle, Cakes and Puppies",Between the Cakes and Me,The Love of Cakes,Yes,Medicine,3,1,2,Lucretia,Jannie,Delisa
113,85,Khalid,Bashir,Khalid.Bashir@elmsampledata.com,,Puppies,Red,Yellow,Two Hundred Puppies,Sunshine,Love,Anger,Our Corona Puppies,Yes,Humanities / Social Sciences,1,3,2,Anjana,,
153,86,Khushboo,Agarwal,Khushboo.Agarwal@elmsampledata.com,,Bottles,Red,Cakes,Love,B.O.T.T.L.E.,Anger,The Love of Cakes,Bottle Tribute,Yes,Humanities / Social Sciences,2,3,1,,,
95,87,Kiranjit,Kaur,Kiranjit.Kaur@elmsampledata.com,,Puppies,Neon,Exotic,Two Hundred Puppies,E.X.O.T.I.C.,King Neon,Two Hundred Dancing Iced Puppies,Our Corona Puppies,Yes,Humanities / Social Sciences,3,1,2,Jasleen,,
7/24/2020 13:39:58,88,Kristi,Hamill,Kristi.Hamill@elmsampledata.com,"Puppies, Cakes, Exotic",Puppies,Cakes,Exotic,Bring Me the Cakes,Exotic Dream and a Pinch of Bottle,Two Hundred Puppies,"Bottle, Cakes and Puppies",The Love of Cakes,Yes,Mass Communication,3,1,2,Beta,Sergio,Phebe
7/24/2020 13:42:06,89,Kristie,Snook,Kristie.Snook@elmsampledata.com,"Puppies, Neon, Exotic",Puppies,Neon,Exotic,Dancing at the Disco,E.X.O.T.I.C.,Two Hundred Puppies,Bring Me the Cakes,Exotic Dream and a Pinch of Bottle,Yes,Visual / Performing / Fine Arts,1,2,3,Hildred,Dario,Kevin
7/24/2020 13:31:12,90,Lakeshia,Shropshire,Lakeshia.Shropshire@elmsampledata.com,"Cakes, Neon, Corona",Cakes,Neon,Corona,A Box of Cakes with Neon Bottle,Bottle Fighters,Two Hundred Puppies,The Dancing Mind,Bottle Tribute,Yes,Chartered Accountancy,1,2,3,Ozell,Mollie,Cherlyn
7/24/2020 15:02:49,91,Landon,Callas,Landon.Callas@elmsampledata.com,"Puppies, Bottles, Neon",Puppies,Bottles,Neon,Exotic Dream and a Pinch of Bottle,Two Hundred Puppies,Our Exotic Bottle Love,"Bottle, Cakes and Puppies",Our Corona Puppies,Yes,Humanities / Social Sciences,3,1,2,Cathey,Hildred,Kathy
83,92,Leah,Govias,Leah.Govias@elmsampledata.com,,Puppies,Cakes,Bottles,Two Hundred Puppies,Bottle Tribute,Our Corona Puppies,A Box of Cakes with Neon Bottle,Cakes and a Bottle,No,Engineering,3,2,1,Avnika,,
164,93,Lokesh,Kumar,Lokesh.Kumar@elmsampledata.com,,Green,White,Cakes,Greenhouse,Trees,The Love of Cakes,Cakes Two Hundred,Snow,No,Engineering,2,1,3,,,
7/24/2020 13:43:46,94,Lucretia,Durrah,Lucretia.Durrah@elmsampledata.com,"Puppies, Cakes, Dance",Puppies,Cakes,Dance,Cakes and a Bottle,The Dancing Mind,Dancing at the Disco,Between the Cakes and Me,Flight of the Cakes,Yes,"Humanities / Social Sciences, Mass Communication",1,2,3,Kevin,Phebe,Jannie
123,95,Maathangi,Mohan,Maathangi.Mohan@elmsampledata.com,,Puppies,Red,Yellow,Two Hundred Puppies,Our Corona Puppies,Anger,Bananas,Sunshine,Yes,Law,2,1,3,Abhishek,,
124,96,Madhavan,Krishnamachari,Madhavan.Krishnamachari@elmsampledata.com,,Puppies,Red,Yellow,Two Hundred Puppies,Our Corona Puppies,Bananas,Sunshine,Our Corona Puppies,No,Visual / Performing / Fine Arts,2,3,1,Sagar,,
190,97,Madhusmita,Rawooth,Madhusmita.Rawooth@elmsampledata.com,,Blue,Cakes,Yellow,Waves,Bring Me the Cakes,Cakes and a Bottle,Bananas,Sunshine,No,Humanities / Social Sciences,3,2,1,,,
7/24/2020 13:26:00,98,Maegan,Benesh,Maegan.Benesh@elmsampledata.com,"Cakes, Bottles, Neon",Cakes,Bottles,Neon,Bottleback,Between the Cakes and Me,King Neon,B.O.T.T.L.E.,Bottle Fighters,Yes,Medicine,3,2,1,Nicola,Desmond,Yuri
146,99,Mahrukh,Chaudhry,Mahrukh.Chaudhry@elmsampledata.com,,Puppies,Black,White,Two Hundred Puppies,Snow,Glaciers,The Big Itch,Outer Space,Yes,Mass Communication,1,3,2,Arunima,,
165,100,Malika,Bhargava,Malika.Bhargava@elmsampledata.com,,Blue,Cakes,Yellow,Ink,Waves,Water,Bring Me the Cakes,Bananas,No,Engineering,1,2,3,,,
156,101,Manali,Amitav,Manali.Amitav@elmsampledata.com,,Blue,Cakes,Yellow,Water,Ink,Waves,Cakes Two Hundred,Sunshine,No,Engineering,2,1,3,,,
108,102,Manini,Menon,Manini.Menon@elmsampledata.com,,Blue,Cakes,Yellow,Bring Me the Cakes,Flight of the Cakes,Water,Waves,Sunshine,No,Humanities / Social Sciences,1,3,2,,,
147,103,Manivannan,D,Manivannan.D@elmsampledata.com,,Blue,Yellow,Cakes,Bananas,Cakes and a Bottle,Water,Bring Me the Cakes,Waves,Yes,Law,1,2,3,,,
58,104,Manurag,Khullar,Manurag.Khullar@elmsampledata.com,,Cakes,Bottles,Corona,Cakes and a Bottle,B.O.T.T.L.E.,Our Corona Puppies,Flight of the Cakes,Bottle Fighters,No,Humanities / Social Sciences,2,3,1,Shruti,,
7/24/2020 14:04:10,105,Marcus,Capel,Marcus.Capel@elmsampledata.com,"Puppies, Bottles, Exotic",Puppies,Bottles,Exotic,Two Hundred Dancing Iced Puppies,Exotic Dream and a Pinch of Bottle,Bottleback,E.X.O.T.I.C.,"Bottle, Cakes and Puppies",No,Engineering,1,2,3,Cassey,Ozell,Mollie
119,106,Maria,Rangwala,Maria.Rangwala@elmsampledata.com,,Blue,Yellow,Cakes,Bring Me the Cakes,Flight of the Cakes,Cakes Two Hundred,Sunshine,Ink,Yes,Medicine,2,1,3,,,
7/24/2020 13:46:46,107,Marleen,Morningstar,Marleen.Morningstar@elmsampledata.com,"Cakes, Exotic, Corona",Cakes,Exotic,Corona,E.X.O.T.I.C.,Our Exotic Bottle Love,Cakes Two Hundred,Our Corona Puppies,"Bottle, Cakes and Puppies",No,Mass Communication,3,1,2,Delisa,Kathy,Desmond
7/25/2020 2:05:26,108,Marvin,Cole,Marvin.Cole@elmsampledata.com,"Neon, Dance, Exotic",Neon,Dance,Exotic,King Neon,The Dancing Mind,Dancing at the Disco,A Box of Cakes with Neon Bottle,E.X.O.T.I.C.,Yes,Mass Communication,2,1,3,Gayle,,
7/24/2020 14:15:16,109,Mayme,Harner,Mayme.Harner@elmsampledata.com,"Bottles, Neon, Exotic",Bottles,Neon,Exotic,Megabottle,B.O.T.T.L.E.,Bottlehead,Bottleback,Exotic Dream and a Pinch of Bottle,No,Engineering,1,3,2,Junior,Preston,Lakeshia
59,110,Medha,Ojha,Medha.Ojha@elmsampledata.com,,Puppies,Bottles,Dance,B.O.T.T.L.E.,Megabottle,Dancing at the Disco,Bottle Tribute,The Dancing Mind,No,Pure / Natural Sciences,1,2,3,Bazila,,
114,111,Mehak,Jain,Mehak.Jain@elmsampledata.com,,Puppies,Red,Black,Two Hundred Puppies,Our Corona Puppies,Heart,Love,Outer Space,No,Engineering,3,1,2,Naveen,,
69,112,Mitra,Visveswaran,Mitra.Visveswaran@elmsampledata.com,,Puppies,Cakes,Bottles,Two Hundred Puppies,Two Hundred Odd Puppies,Our Corona Puppies,B.O.T.T.L.E.,Bring Me the Cakes,No,Chartered Accountancy,2,1,3,DivyaS,,
7/24/2020 14:09:24,113,Mollie,Scruggs,Mollie.Scruggs@elmsampledata.com,"Cakes, Bottles, Neon",Cakes,Bottles,Neon,Cakes Two Hundred,King Neon,A Box of Cakes with Neon Bottle,The Kind of Songs Flight of the Cakes might record,Cakes and a Bottle,Yes,Engineering,3,1,2,Tomika,Donny,Kristie
148,114,Mounika,Bhukya,Mounika.Bhukya@elmsampledata.com,,Bottles,Red,Cakes,B.O.T.T.L.E.,Bring Me the Cakes,Anger,The Love of Cakes,Bottle Tribute,Yes,Visual / Performing / Fine Arts,3,1,2,,,
109,115,Muskan,Prakash,Muskan.Prakash@elmsampledata.com,,Puppies,Red,,Two Hundred Puppies,Our Corona Puppies,Heart,Our Corona Puppies,Love,No,Humanities / Social Sciences,1,3,2,Ashwin,,
115,116,Naveen,Kumar,Naveen.Kumar@elmsampledata.com,,Puppies,Red,Black,Two Hundred Puppies,Our Corona Puppies,Anger,Outer Space,Our Corona Puppies,Yes,Engineering,2,1,3,Mehak,,
7/24/2020 14:03:35,117,Nicola,Aquilino,Nicola.Aquilino@elmsampledata.com,"Puppies, Bottles, Exotic",Puppies,Bottles,Exotic,Bottleback,B.O.T.T.L.E.,E.X.O.T.I.C.,Our Exotic Bottle Love,Two Hundred Odd Puppies,Yes,Humanities / Social Sciences,2,1,3,Maegan,Lakeshia,Hildred
120,118,Nidhi,Tiwari,Nidhi.Tiwari@elmsampledata.com,,Puppies,Red,Yellow,Two Hundred Puppies,Our Corona Puppies,Heart,Love,Bananas,Yes,Visual / Performing / Fine Arts,3,1,2,Siby,,
136,119,Nidhi,Niharika,Nidhi.Niharika@elmsampledata.com,,Puppies,Red,Yellow,Two Hundred Puppies,Anger,Sunshine,Two Hundred Dancing Iced Puppies,Heart,Yes,Humanities / Social Sciences,3,1,2,,,
154,120,Nihaalini,Kumar,Nihaalini.Kumar@elmsampledata.com,,Bottles,Red,Cakes,Love,"Bottle, Cakes and Puppies",Anger,Bottle Tribute,Our Exotic Bottle Love,Yes,Humanities / Social Sciences,1,3,2,,,
80,121,Nilusha,Amirali,Nilusha.Amirali@elmsampledata.com,,Cakes,Bottles,Neon,Bottleback,Between the Cakes and Me,King Neon,B.O.T.T.L.E.,Bottle Fighters,Yes,Medicine,3,1,2,Sakshi,,
7/24/2020 13:41:40,122,Onita,Knutsen,Onita.Knutsen@elmsampledata.com,"Puppies, Cakes, Corona",Puppies,Cakes,Corona,Two Hundred Puppies,Bring Me the Cakes,Our Corona Puppies,Bottleback,Bottlehead,Yes,Humanities / Social Sciences,1,2,3,Jacquie,Trinity,Maegan
7/24/2020 13:33:26,123,Ozell,Reedy,Ozell.Reedy@elmsampledata.com,"Cakes, Bottles, Neon",Cakes,Bottles,Neon,Cakes and a Bottle,Exotic Dream and a Pinch of Bottle,Between the Cakes and Me,B.O.T.T.L.E.,Bring Me the Cakes,No,Visual / Performing / Fine Arts,2,3,1,Lakeshia,Lucretia,Tomika
184,124,Palaash,Sabhlok,Palaash.Sabhlok@elmsampledata.com,,Bottles,Red,Dance,Dancing at the Disco,The Dancing Mind,Bottle Tribute,Megabottle,Love,No,Engineering,1,2,3,,,
137,125,Pallavi,Yadav,Pallavi.Yadav@elmsampledata.com,,Cakes,Green,Magenta,King Magenta,A Box of Cakes with Neon Bottle,Greenhouse,Trees,The Love of Cakes,No,Medicine,2,1,3,,,
7/24/2020 14:04:52,126,Pattie,Tseng,Pattie.Tseng@elmsampledata.com,"Puppies, Cakes, Bottles",Puppies,Cakes,Bottles,"Bottle, Cakes and Puppies",Between the Cakes and Me,Cakes and a Bottle,Megabottle,Flight of the Cakes,No,Medicine,1,2,3,Sergio,Tomika,Alex
110,127,Pawan,Kumar,Pawan.Kumar@elmsampledata.com,,Puppies,Red,Yellow,Two Hundred Puppies,Our Corona Puppies,Anger,Bananas,Sunshine,Yes,Engineering,2,1,3,Tashu,,
7/24/2020 14:20:23,128,Phebe,Lozada,Phebe.Lozada@elmsampledata.com,"Puppies, Bottles, Exotic",Puppies,Bottles,Exotic,Our Exotic Bottle Love,If I was your Exotic Bottle,Exotic Dream and a Pinch of Bottle,B.O.T.T.L.E.,Bottlehead,Yes,Law,2,3,1,Trinity,Yukiko,Donny
200,129,Pousali,Sarkar,Pousali.Sarkar@elmsampledata.com,,Cakes,Exotic,Corona,E.X.O.T.I.C.,Our Exotic Bottle Love,Cakes Two Hundred,Our Corona Puppies,Between the Cakes and Me,Yes,Visual / Performing / Fine Arts,1,3,2,,,
157,130,Prachi,Sharma,Prachi.Sharma@elmsampledata.com,,Yellow,Purple,Cakes,A Box of Cakes with Neon Bottle,Sunshine,Purple LED,Shades of Purple,The Love of Cakes,Yes,Mass Communication,2,1,3,,,
116,131,Prajwal,Prasad,Prajwal.Prasad@elmsampledata.com,,Cakes,Purple,Green,Purple LED,Shades of Purple,Cakes Two Hundred,Trees,Greenhouse,No,Visual / Performing / Fine Arts,2,3,1,,,
193,132,Prakarsh,Diwaker,Prakarsh.Diwaker@elmsampledata.com,,Dance,Yellow,Black,Bananas,Sunshine,Door in Goa,Walls,Dancing at the Disco,No,Humanities / Social Sciences,2,3,1,,,
7/24/2020 14:08:14,133,Preston,Bhatia,Preston.Bhatia@elmsampledata.com,"Neon, Dance, Corona",Neon,Dance,Corona,King Neon,Our Corona Puppies,Two Hundred Dancing Iced Puppies,The Dancing Mind,Dancing at the Disco,Yes,Engineering,1,3,2,Desmond,Alfredo,Gita
60,134,Priyanshi,Toshniwal,Priyanshi.Toshniwal@elmsampledata.com,,Puppies,Bottles,Exotic,Two Hundred Puppies,"Bottle, Cakes and Puppies",Two Hundred Dancing Iced Puppies,Two Hundred Puppies,Our Corona Puppies,Yes,Humanities / Social Sciences,1,3,2,Dominic,,
138,135,Priyatham,Kedarisetty,Priyatham.Kedarisetty@elmsampledata.com,,Puppies,Magenta,Yellow,King Magenta,"Bottle, Cakes and Puppies",Bananas,Two Hundred Dancing Iced Puppies,Our Corona Puppies,Yes,Mass Communication,2,1,3,,,
75,136,Ramdev,Y,Ramdev.Y@elmsampledata.com,,Neon,Dance,Exotic,King Neon,The Dancing Mind,Dancing at the Disco,A Box of Cakes with Neon Bottle,E.X.O.T.I.C.,Yes,Mass Communication,3,1,2,Anagha,,
171,137,Rashmi,Sharma,Rashmi.Sharma@elmsampledata.com,,Green,Bottles,White,Glaciers,B.O.T.T.L.E.,Trees,Greenhouse,Bottle Tribute,No,Law,2,1,3,,,
185,138,Ravitha,Ravi,Ravitha.Ravi@elmsampledata.com,,Green,Bottles,White,Glaciers,B.O.T.T.L.E.,Trees,The Big Itch,Bottle Tribute,No,Engineering,2,1,3,,,
103,139,Rishi,Yogesh,Rishi.Yogesh@elmsampledata.com,,Puppies,Green,Magenta,King Magenta,Greenhouse,Our Corona Puppies,Trees,Two Hundred Dancing Iced Puppies,Yes,Humanities / Social Sciences,2,1,3,,,
186,140,Rishika,Goyal,Rishika.Goyal@elmsampledata.com,,Dance,Puppies,Yellow,Two Hundred Dancing Iced Puppies,Dancing at the Disco,The Dancing Mind,Two Hundred Puppies,Sunshine,No,Humanities / Social Sciences,1,3,2,,,
64,141,Ritika,Singla,Ritika.Singla@elmsampledata.com,,Puppies,Cakes,Bottles,Two Hundred Puppies,Two Hundred Odd Puppies,Our Corona Puppies,A Box of Cakes with Neon Bottle,Bottle Tribute,No,Chartered Accountancy,2,1,3,Kanika,,
145,142,Ritwika,Rituparna,Ritwika.Rituparna@elmsampledata.com,,Puppies,White,Black,Two Hundred Puppies,Glaciers,Snow,The Big Itch,Outer Space,Yes,Humanities / Social Sciences,3,1,2,Utkarsh,,
139,143,Rochan,Mathur,Rochan.Mathur@elmsampledata.com,,Puppies,Red,Neon,Two Hundred Puppies,Two Hundred Puppies,Anger,Heart,King Neon,No,Law,3,1,2,,,
125,144,Royston,Braganza,Royston.Braganza@elmsampledata.com,,Puppies,Red,Yellow,Two Hundred Puppies,Our Corona Puppies,Heart,Sunshine,Our Corona Puppies,Yes,Chartered Accountancy,3,2,1,Dhruv,,
158,145,Ruchika,Hirna,Ruchika.Hirna@elmsampledata.com,,Red,Blue,Bottles,Love,Passion,"Bottle, Cakes and Puppies",B.O.T.T.L.E.,Indigo,No,Humanities / Social Sciences,1,3,2,,,
126,146,Sagar,Nain,Sagar.Nain@elmsampledata.com,,Puppies,Red,Yellow,Two Hundred Puppies,Our Corona Puppies,Heart,Sunshine,Bananas,Yes,Visual / Performing / Fine Arts,3,1,2,Madhavan,,
61,147,Sai,Krishna,Sai.Krishna@elmsampledata.com,,Puppies,Cakes,Bottles,Two Hundred Puppies,Two Hundred Odd Puppies,Our Corona Puppies,B.O.T.T.L.E.,Bottle Tribute,No,Mass Communication,1,3,2,Aneeqa,,
84,148,Sakshi,Barak,Sakshi.Barak@elmsampledata.com,,Cakes,Bottles,Neon,Bottleback,Between the Cakes and Me,King Neon,Cakes and a Bottle,Bottle Fighters,No,Medicine,2,1,3,Nilusha,,
172,149,Saloni,Goel,Saloni.Goel@elmsampledata.com,,Bottles,Red,Cakes,B.O.T.T.L.E.,Bring Me the Cakes,Anger,The Love of Cakes,Bottle Tribute,Yes,Humanities / Social Sciences,3,2,1,,,
194,150,Samriddhi,Bhutani,Samriddhi.Bhutani@elmsampledata.com,,Puppies,Yellow,Black,Walls,Bananas,Sunshine,Two Hundred Dancing Iced Puppies,Two Hundred Puppies,Yes,Engineering,1,2,3,,,
195,151,Sangeetha,Nagarajan,Sangeetha.Nagarajan@elmsampledata.com,,Dance,Neon,Black,A Box of Cakes with Neon Bottle,Walls,King Neon,Two Hundred Dancing Iced Puppies,The Dancing Mind,No,Engineering,3,2,1,,,
129,152,Sarah,Jain,Sarah.Jain@elmsampledata.com,,Bottles,Purple,Yellow,Purple LED,Sunshine,"Bottle, Cakes and Puppies",B.O.T.T.L.E.,Bananas,No,Humanities / Social Sciences,2,3,1,,,
149,153,Sathes,Kumar,Sathes.Kumar@elmsampledata.com,,Cakes,Red,Yellow,Love,Cakes Two Hundred,Sunshine,The Love of Cakes,Heart,Yes,Chartered Accountancy,2,1,3,,,
159,154,Satyam,Chandrra,Satyam.Chandrra@elmsampledata.com,,Yellow,Purple,Cakes,A Box of Cakes with Neon Bottle,Sunshine,Bananas,Shades of Purple,The Love of Cakes,Yes,Engineering,1,2,3,,,
104,155,Saudamini,Sharma,Saudamini.Sharma@elmsampledata.com,,Cakes,Yellow,Magenta,King Magenta,Bananas,A Box of Cakes with Neon Bottle,Sunshine,Flight of the Cakes,No,Engineering,1,2,3,,,
70,156,Saumya,Kaushik,Saumya.Kaushik@elmsampledata.com,,Puppies,Cakes,Bottles,Two Hundred Puppies,Two Hundred Odd Puppies,Our Corona Puppies,Cakes and a Bottle,"Bottle, Cakes and Puppies",No,Chartered Accountancy,1,2,3,Arjun,,
7/25/2020 23:45:56,157,Seka,Po,Seka.Po@elmsampledata.com,"Puppies, Bottles, Exotic",Puppies,Bottles,Exotic,Two Hundred Puppies,"Bottle, Cakes and Puppies",Two Hundred Dancing Iced Puppies,Two Hundred Puppies,Our Corona Puppies,Yes,Humanities / Social Sciences,1,3,2,Brandon,,
7/24/2020 13:47:32,158,Sergio,Vidrio,Sergio.Vidrio@elmsampledata.com,"Puppies, Cakes, Bottles",Puppies,Cakes,Bottles,"Bottle, Cakes and Puppies",A Box of Cakes with Neon Bottle,Bottle Tribute,Between the Cakes and Me,Our Corona Puppies,No,Visual / Performing / Fine Arts,2,1,3,Pattie,Jesusita,Alpha
181,159,Shadab,Khan,Shadab.Khan@elmsampledata.com,,Green,Bottles,White,Glaciers,B.O.T.T.L.E.,Greenhouse,The Big Itch,Bottle Fighters,Yes,Engineering,2,1,3,,,
173,160,Shaivya,Sahare,Shaivya.Sahare@elmsampledata.com,,Cakes,Red,Yellow,Love,Cakes Two Hundred,Sunshine,The Love of Cakes,Heart,No,Visual / Performing / Fine Arts,2,3,1,,,
130,161,Shantanu,Kulshreshtha,Shantanu.Kulshreshtha@elmsampledata.com,,Green,Red,Yellow,Love,Anger,Sunshine,Greenhouse,Trees,No,Visual / Performing / Fine Arts,2,3,1,,,
196,162,Shaurya,Sachin,Shaurya.Sachin@elmsampledata.com,,Dance,Puppies,Yellow,Bananas,Two Hundred Dancing Iced Puppies,The Dancing Mind,Two Hundred Puppies,Two Hundred Dancing Iced Puppies,No,Humanities / Social Sciences,1,3,2,,,
155,163,Shivam,Shukla,Shivam.Shukla@elmsampledata.com,,Red,Purple,Bottles,Love,Passion,"Bottle, Cakes and Puppies",B.O.T.T.L.E.,Purple LED,No,Engineering,3,2,1,,,
131,164,Shivangi,Sharma,Shivangi.Sharma@elmsampledata.com,,Bottles,Red,Yellow,Love,Anger,B.O.T.T.L.E.,Bananas,Sunshine,No,Mass Communication,1,3,2,,,
198,165,Shivarshini,BV,Shivarshini.BV@elmsampledata.com,,Cakes,Dance,Exotic,If I was your Exotic Bottle,Our Exotic Bottle Love,Dancing at the Disco,A Box of Cakes with Neon Bottle,"Bottle, Cakes and Puppies",Yes,Visual / Performing / Fine Arts,2,3,1,,,
182,166,Shivay,Dubey,Shivay.Dubey@elmsampledata.com,,Green,Bottles,White,B.O.T.T.L.E.,Glaciers,The Big Itch,Snow,Glaciers,No,Humanities / Social Sciences,2,3,1,,,
65,167,Shreyashi,Sharma,Shreyashi.Sharma@elmsampledata.com,,Puppies,Cakes,Bottles,Two Hundred Puppies,Two Hundred Odd Puppies,Our Corona Puppies,B.O.T.T.L.E.,Our Exotic Bottle Love,Yes,Visual / Performing / Fine Arts,2,3,1,Subash,,
76,168,Shruti,Kumari,Shruti.Kumari@elmsampledata.com,,Cakes,Bottles,Corona,Cakes and a Bottle,B.O.T.T.L.E.,Our Corona Puppies,Flight of the Cakes,Bottle Fighters,No,Humanities / Social Sciences,1,3,2,Manurag,,
96,169,Shubham,Mittal,Shubham.Mittal@elmsampledata.com,,Puppies,Red,Blue,Love,Indigo,Two Hundred Odd Puppies,Two Hundred Dancing Iced Puppies,Anger,No,Engineering,3,2,1,,,
121,170,Siby,Christopher,Siby.Christopher@elmsampledata.com,,Puppies,Red,Yellow,Two Hundred Puppies,Our Corona Puppies,Sunshine,Love,Bananas,No,Visual / Performing / Fine Arts,1,3,2,Nidhi,,
90,171,Siddhant,Singh,Siddhant.Singh@elmsampledata.com,,Cakes,Neon,Corona,A Box of Cakes with Neon Bottle,Bottle Fighters,Two Hundred Puppies,The Dancing Mind,Bottle Tribute,No,Chartered Accountancy,3,2,1,Arthy,,
160,172,Smith,Shah,Smith.Shah@elmsampledata.com,,Green,Red,Yellow,Trees,Greenhouse,Passion,Moss and Lichen,Sunshine,Yes,Engineering,2,1,3,,,
71,173,Snehi,Gupta,Snehi.Gupta@elmsampledata.com,,Puppies,Cakes,Bottles,Two Hundred Puppies,Two Hundred Odd Puppies,Our Corona Puppies,Bring Me the Cakes,Bottle Tribute,No,Medicine,1,2,3,Depali,,
105,174,Sravya,Kolanupaka,Sravya.Kolanupaka@elmsampledata.com,,Bottles,Red,Puppies,Two Hundred Puppies,Anger,"Bottle, Cakes and Puppies",B.O.T.T.L.E.,Our Corona Puppies,No,Engineering,2,1,3,,,
85,175,Sri,Varshith,Sri.Varshith@elmsampledata.com,,Puppies,Cakes,Bottles,Two Hundred Puppies,Between the Cakes and Me,Cakes and a Bottle,B.O.T.T.L.E.,Our Corona Puppies,Yes,Medicine,2,1,3,Ayush,,
66,176,Subash,Karnan,Subash.Karnan@elmsampledata.com,,Puppies,Cakes,Bottles,Two Hundred Puppies,Two Hundred Odd Puppies,Our Corona Puppies,Bring Me the Cakes,Cakes and a Bottle,Yes,Humanities / Social Sciences,2,1,3,Shreyashi,,
191,177,Suhana,Ali,Suhana.Ali@elmsampledata.com,,Dance,Bottles,Blue,The Dancing Mind,Dancing at the Disco,Bottle Tribute,Water,Waves,Yes,Humanities / Social Sciences,1,3,2,,,
91,178,Suraj,Arora,Suraj.Arora@elmsampledata.com,,Exotic,White,Blue,Exotic Dream and a Pinch of Bottle,E.X.O.T.I.C.,Glaciers,Ink,Snow,No,Engineering,3,2,1,,,
192,179,Susheel,Varghese,Susheel.Varghese@elmsampledata.com,,Green,Red,Black,Door in Goa,Love,Walls,Trees,Anger,Yes,Visual / Performing / Fine Arts,3,2,1,,,
150,180,Swayam,Kumar,Swayam.Kumar@elmsampledata.com,,Bottles,Cakes,Purple,Purple LED,"Bottle, Cakes and Puppies",Shades of Purple,Bottle Army,Bottle Tribute,Yes,Visual / Performing / Fine Arts,1,3,2,,,
197,181,Syed,Mir,Syed.Mir@elmsampledata.com,,Cakes,Neon,Exotic,Between the Cakes and Me,Our Exotic Bottle Love,The Kind of Songs Flight of the Cakes might record,E.X.O.T.I.C.,A Box of Cakes with Neon Bottle,Yes,Humanities / Social Sciences,3,1,2,,,
111,182,Tashu,Garg,Tashu.Garg@elmsampledata.com,,Puppies,Red,Yellow,Two Hundred Puppies,Our Corona Puppies,Heart,Love,Bananas,No,Engineering,3,1,2,Pawan,,
7/24/2020 16:32:30,183,Theta,Minor,Theta.Minor@elmsampledata.com,"Cakes, Dance, Exotic",Cakes,Dance,Exotic,Cakes and a Bottle,Flight of the Cakes,B.O.T.T.L.E.,Cakes Two Hundred,The Dancing Mind,Yes,Humanities / Social Sciences,1,3,2,Gamma,Beta,Lucretia
7/24/2020 14:19:13,184,Tomika,Outten,Tomika.Outten@elmsampledata.com,"Cakes, Bottles, Neon",Cakes,Bottles,Neon,Two Hundreddust,Cakes Two Hundred,Cakes and a Bottle,Megabottle,B.O.T.T.L.E.,Yes,Engineering,3,1,2,Mollie,Kevin,Preston
7/24/2020 14:18:38,185,Tracey,Mcdougall,Tracey.Mcdougall@elmsampledata.com,"Bottles, Exotic, Corona",Bottles,Exotic,Corona,If I was your Exotic Bottle,This Love is Exotic But It's Unique,Our Exotic Bottle Love,Exotic Dream and a Pinch of Bottle,E.X.O.T.I.C.,No,Visual / Performing / Fine Arts,2,3,1,Viviana,Viviana,Nicola
7/24/2020 13:59:23,186,Trinity,Canada,Trinity.Canada@elmsampledata.com,"Puppies, Neon, Exotic",Puppies,Neon,Exotic,Our Exotic Bottle Love,E.X.O.T.I.C.,Exotic Dream and a Pinch of Bottle,King Neon,B.O.T.T.L.E.,Yes,Humanities / Social Sciences,3,2,1,Phebe,Garland,Mayme
7/24/2020 13:27:54,187,Ute,Starcher,Ute.Starcher@elmsampledata.com,"Puppies, Cakes, Corona",Puppies,Cakes,Corona,Our Corona Puppies,Two Hundred Odd Puppies,Cakes and a Bottle,Between the Cakes and Me,The Love of Cakes,Yes,Pure / Natural Sciences,3,1,2,Dara,Cassey,Ghislaine
140,188,Utkarsh,Budholiya,Utkarsh.Budholiya@elmsampledata.com,,Puppies,Black,White,Two Hundred Puppies,Outer Space,Snow,Our Corona Puppies,Glaciers,No,Visual / Performing / Fine Arts,1,3,2,Ritwika,,
100,189,V,L,V.L@elmsampledata.com,,Bottles,Red,Blue,Passion,Water,Bottle Tribute,Anger,Bottle Army,Yes,Medicine,2,1,3,,,
175,190,Vaishnavi,Sankar,Vaishnavi.Sankar@elmsampledata.com,,Bottles,Cakes,Purple,Purple LED,"Bottle, Cakes and Puppies",Shades of Purple,Bottle Army,Bottle Tribute,No,Humanities / Social Sciences,2,3,1,,,
106,191,Vandit,Kunapareddi,Vandit.Kunapareddi@elmsampledata.com,,Puppies,Red,Yellow,Love,Sunshine,Two Hundred Puppies,Our Corona Puppies,Bananas,Yes,Humanities / Social Sciences,2,1,3,,,
86,192,Veeravalli,Vasudha,Veeravalli.Vasudha@elmsampledata.com,,Red,Puppies,Bottles,Two Hundred Puppies,Two Hundred Odd Puppies,Our Corona Puppies,Bottle Tribute,Love,Yes,Engineering,1,2,3,Ashwarya,,
187,193,Vineetha,V,Vineetha.V@elmsampledata.com,,Dance,Yellow,Black,Walls,Door in Goa,Dancing at the Disco,Sunshine,Two Hundred Dancing Iced Puppies,No,Humanities / Social Sciences,2,3,1,,,
7/24/2020 13:38:55,194,Viviana,Roseboro,Viviana.Roseboro@elmsampledata.com,"Cakes, Dance, Exotic",Cakes,Dance,Exotic,If I was your Exotic Bottle,Bring Me the Cakes,Our Exotic Bottle Love,A Box of Cakes with Neon Bottle,"Bottle, Cakes and Puppies",Yes,Humanities / Social Sciences,3,1,2,Tracey,Tracey,Onita
7/24/2020 14:05:39,195,Wendell,Stauber,Wendell.Stauber@elmsampledata.com,"Puppies, Cakes, Bottles",Puppies,Cakes,Bottles,Two Hundred Puppies,Two Hundred Odd Puppies,Our Corona Puppies,Between the Cakes and Me,B.O.T.T.L.E.,Yes,Chartered Accountancy,1,3,2,Jannie,Marleen,Marcus
101,196,Yagnyashri,Kodaru,Yagnyashri.Kodaru@elmsampledata.com,,Bottles,Red,Exotic,Love,Anger,If I was your Exotic Bottle,Bottle Army,Exotic Dream and a Pinch of Bottle,Yes,Engineering,2,1,3,,,
7/24/2020 14:38:22,197,Yukiko,Mccasland,Yukiko.Mccasland@elmsampledata.com,"Puppies, Dance, Exotic",Puppies,Dance,Exotic,Two Hundred Dancing Iced Puppies,Two Hundreddust,The Kind of Songs Flight of the Cakes might record,The Dancing Mind,Exotic Dream and a Pinch of Bottle,Yes,Engineering,2,3,1,Kathy,Kayleen,Alfredo
7/24/2020 13:26:55,198,Yuri,Odwyer,Yuri.Odwyer@elmsampledata.com,"Neon, Dance, Exotic",Neon,Dance,Exotic,Dancing at the Disco,King Neon,E.X.O.T.I.C.,A Box of Cakes with Neon Bottle,The Dancing Mind,No,Visual / Performing / Fine Arts,3,1,2,Jesusita,Yukiko,Kristi
81,199,Zakir,Hussain,Zakir.Hussain@elmsampledata.com,,Neon,Dance,Exotic,Dancing at the Disco,King Neon,E.X.O.T.I.C.,A Box of Cakes with Neon Bottle,The Dancing Mind,No,Visual / Performing / Fine Arts,1,2,3,Avnie,,
135,200,Zinnia,Sengupta,Zinnia.Sengupta@elmsampledata.com,,Puppies,Red,Yellow,Heart,Anger,Our Corona Puppies,Two Hundred Dancing Iced Puppies,Sunshine,Yes,Visual / Performing / Fine Arts,1,3,2,,,
